optimizer_step,train_mse,validation_mse
0,111.34093185489766,101.30159226094585
100,7.1151710148114695,5.845335036346458
200,0.8808639181807452,0.7776483605899447
300,0.3406323048156646,0.2945449811782274
400,0.1785939547719044,0.15270870273051873
500,0.1286363730212915,0.1116075877686877
600,0.11148367942194815,0.09853366797103175
700,0.10365871792771422,0.09279967153123472
800,0.09849217580536307,0.08887374064297432
900,0.09412705833191584,0.08536408760340827
1000,0.09005098038959829,0.08195644376092237
1100,0.08612334882378414,0.07859658703715729
1200,0.08230920755220984,0.07528835322597946
1300,0.07860470588623616,0.07204663536642936
1400,0.07501437239145733,0.0688859779225747
1500,0.07466728086485477,0.06928193761439225
1600,0.06856629136479217,0.06318654369632636
1700,0.06558195606597386,0.06054332533715241
1800,0.06269588025416083,0.05798436389620608
1900,0.05990830372692627,0.055509712261128316
2000,0.05751348147366161,0.05345154291269495
2001,0.021584495178722428,0.020143380421327572
2002,0.010636203250655115,0.010067049306058437
2003,0.006044708103490413,0.005341478563522557
2004,0.004552685997986642,0.0042821582523049385
2005,0.003403379928881461,0.0031532759749654904
2006,0.0022711191871964617,0.0020177399371700566
2007,0.001614365959920885,0.0013468770890915631
2008,0.001491642270362954,0.0012461877178673694
2009,0.0012896724405934816,0.0011732003727978613
2010,0.001080341816546058,0.0009946677620619165
2011,0.0009784391303858143,0.0009194547335008666
2012,0.0007554990985457217,0.0007012007333393579
2013,0.000579595672214495,0.0004987347902062786
2014,0.0005073641520977085,0.0004019417597537984
2015,0.0002743660982550302,0.00023268475023843467
2016,0.00012940200021751457,0.00012140050987508269
2017,9.547114820079129e-05,9.047195759443399e-05
2018,9.543702999439362e-05,9.045349826092789e-05
2019,9.540681537082961e-05,9.043935696894043e-05
2020,9.437839329102228e-05,9.055907702413803e-05
2021,9.243327408614041e-05,8.917200001680944e-05
2022,9.235994945865883e-05,8.88542500198284e-05
2023,9.23527694025405e-05,8.883935730033879e-05
2024,9.234662699865171e-05,8.883911123438964e-05
2025,9.233973562155945e-05,8.881473232733168e-05
2026,9.233333084484522e-05,8.882247351557816e-05
2027,9.232722702675339e-05,8.882034841800832e-05
2028,9.232009021464023e-05,8.88045311898977e-05
2029,9.231392194394391e-05,8.880562565177426e-05
2030,9.230705075374039e-05,8.878170704458495e-05
2031,9.230064004604437e-05,8.87894961529069e-05
2032,9.22945458349266e-05,8.878717450668832e-05
2033,9.228740194557367e-05,8.877237890968112e-05
2034,9.228125749516714e-05,8.877254790589921e-05
2035,9.227434315401645e-05,8.875052670857435e-05
2036,9.22679896579921e-05,8.875676862748446e-05
2037,9.226190708708584e-05,8.875399166331412e-05
2038,9.22547733098842e-05,8.873949849266595e-05
2039,9.224863666007965e-05,8.873926474620587e-05
2040,9.224180169590976e-05,8.871644833088695e-05
